{
  "project_info": {
    "project_number": "799550987648",
    "firebase_url": "https://travl-app-99907.firebaseio.com",
    "project_id": "travl-app-99907",
    "storage_bucket": "travl-app-99907.appspot.com"
  },
  "client": [
    {
      "client_info": {
        "mobilesdk_app_id": "1:799550987648:android:c7bc8f33c6bd9f3c",
        "android_client_info": {
          "package_name": "com.travl.guide"
        }
      },
      "oauth_client": [
        {
          "client_id": "799550987648-4rd38auvipk6r8k1gdq1f8aeeju2hodp.apps.googleusercontent.com",
          "client_type": 1,
          "android_info": {
            "package_name": "com.travl.guide",
            "certificate_hash": "a1100bc5928ac0d04d6e7d8fd5ed50961e77a345"
          }
        },
        {
          "client_id": "799550987648-5r1kefpqtv5vqn2olebkiousds5akt80.apps.googleusercontent.com",
          "client_type": 3
        }
      ],
      "api_key": [
        {
          "current_key": "AIzaSyC7WzJJ1xSzTxxtCLvZL8dC9jzvRIZmzBI"
        }
      ],
      "services": {
        "appinvite_service": {
          "other_platform_oauth_client": [
            {
              "client_id": "799550987648-5r1kefpqtv5vqn2olebkiousds5akt80.apps.googleusercontent.com",
              "client_type": 3
            }
          ]
        }
      }
    }
  ],
  "configuration_version": "1"
}